name,links,playlist_uris,user
Indie/Rock/Alt Compilation - February 2023 (alexrainbirdMusic),https://open.spotify.com/playlist/30uvudTS1E54LdMnpg3ac1,30uvudTS1E54LdMnpg3ac1,alexrainbirdMusic
Indie/Pop/Folk Compilation - February 2023 (alexrainbirdMusic),https://open.spotify.com/playlist/3xXory7XEbpSDsA88qeMM7,3xXory7XEbpSDsA88qeMM7,alexrainbirdMusic
Acoustic Breakfast ü•£ - An Indie/Pop/Folk Playlist to start your day,https://open.spotify.com/playlist/54Rz7lKoPoVBsSxjlHPCmY,54Rz7lKoPoVBsSxjlHPCmY,alexrainbirdMusic
alexrainbirdMusic 2023,https://open.spotify.com/playlist/51rZ4Mf9G2mw6Vaux8sxQb,51rZ4Mf9G2mw6Vaux8sxQb,alexrainbirdMusic
Best of alexrainbirdMusic 2022 üéâ - An Indie/Pop/Folk/Rock Playlist,https://open.spotify.com/playlist/50xyeCsfk2qjMzvx8hrUqu,50xyeCsfk2qjMzvx8hrUqu,alexrainbirdMusic
Indie/Indie-Folk Compilation - Winter 2022/2023 ‚ùÑÔ∏è (alexrainbirdMusic),https://open.spotify.com/playlist/6ngURJuefWfFCkK38WXf21,6ngURJuefWfFCkK38WXf21,alexrainbirdMusic
"The Indie Chart ‚≠ê OUR TOP 10 SONGS RIGHT NOW ‚≠ê | alexrainbirdMusic (Pop, Folk, Rock)",https://open.spotify.com/playlist/2yIzliXybsuJJrY4XCaWr8,2yIzliXybsuJJrY4XCaWr8,alexrainbirdMusic
Beth's Indie Favourites! üíÉ | alexrainbirdMusic,https://open.spotify.com/playlist/4uiMqQZuGXZO7ihXmhIjfl,4uiMqQZuGXZO7ihXmhIjfl,alexrainbirdMusic
alexrainbirdRecords - The Complete Catalogue üíø,https://open.spotify.com/playlist/0C2nvZF5sMGn4bRBJdxB70,0C2nvZF5sMGn4bRBJdxB70,alexrainbirdMusic
Indie Pop üé§ |  alexrainbirdMusic,https://open.spotify.com/playlist/0Zyvu43tTAv7Q3tnZf4Cyu,0Zyvu43tTAv7Q3tnZf4Cyu,alexrainbirdMusic
Folk/Acoustic ü™ï |  alexrainbirdMusic,https://open.spotify.com/playlist/58Q756mnrHELsLqmSCYOrZ,58Q756mnrHELsLqmSCYOrZ,alexrainbirdMusic
Indie Rock/Alt üé∏ | alexrainbirdMusic,https://open.spotify.com/playlist/2Qa93cI7K3stz0ujPquIr2,2Qa93cI7K3stz0ujPquIr2,alexrainbirdMusic
"Instrumental Indie-Folk ü™ï - An Acoustic/Chill Playlist for study, relax and focus",https://open.spotify.com/playlist/1Zgo4kCR0T1lks9AS8mvKg,1Zgo4kCR0T1lks9AS8mvKg,alexrainbirdMusic
"Wanderlust - Music for Travelling üå≤ | alexrainbirdMusic (Indie, Folk, Pop)",https://open.spotify.com/playlist/5e90SwBefJDi2NgthtSMSy,5e90SwBefJDi2NgthtSMSy,alexrainbirdMusic
"Mountains and Oceans ‚õ∞Ô∏èüåä | alexrainbirdMusic (Indie, Folk, Pop, Acoustic)",https://open.spotify.com/playlist/4Dqb2qA5IHM7YB95wGqXKB,4Dqb2qA5IHM7YB95wGqXKB,alexrainbirdMusic
"Happy Indie üòÉ | alexrainbirdMusic (Folk, Pop)",https://open.spotify.com/playlist/2WSQOTscbCoNpovNL6J35n,2WSQOTscbCoNpovNL6J35n,alexrainbirdMusic
"Sad Indie Songs üò¢ | alexrainbirdMusic (Folk, Pop, Chill)",https://open.spotify.com/playlist/1Ll1zUS1f64qGsWdRJtRRQ,1Ll1zUS1f64qGsWdRJtRRQ,alexrainbirdMusic
night drive. üåÉ - An Indie/Alternative Playlist,https://open.spotify.com/playlist/6qREutGj8Vnrv0h3d8SJ0s,6qREutGj8Vnrv0h3d8SJ0s,alexrainbirdMusic
"Indie For Sleeping üò¥ | alexrainbirdMusic (Folk, Acoustic, Chill)",https://open.spotify.com/playlist/4KgxcudfTYwfm0PdWt1cG3,4KgxcudfTYwfm0PdWt1cG3,alexrainbirdMusic
"Late Night Indie üåå | alexrainbirdMusic (Folk, Pop, Chill)",https://open.spotify.com/playlist/67qVLn3HXd3zKEJTm6soMp,67qVLn3HXd3zKEJTm6soMp,alexrainbirdMusic
"Morning Indie ‚è∞‚òï | alexrainbirdMusic (Folk, Acoustic, Chill)",https://open.spotify.com/playlist/2Koc3XoPUvMx53f9szcx9p,2Koc3XoPUvMx53f9szcx9p,alexrainbirdMusic
Our Favourite Australian Songwriters üá¶üá∫ |  alexrainbirdMusic,https://open.spotify.com/playlist/252D4hCKfLaSvDwadoeThs,252D4hCKfLaSvDwadoeThs,alexrainbirdMusic
Our Favourite Canadian Songwriters üá®üá¶ |  alexrainbirdMusic,https://open.spotify.com/playlist/2VW0sPFBoKJaVFBMHGb425,2VW0sPFBoKJaVFBMHGb425,alexrainbirdMusic
"Autumn/Fall Indie üçÇ | alexrainbirdMusic (Folk, Pop, Acoustic)",https://open.spotify.com/playlist/0OUn84QARCLRe9xyUHjIBh,0OUn84QARCLRe9xyUHjIBh,alexrainbirdMusic
"Winter Indie ‚ùÑÔ∏è | alexrainbirdMusic (Folk, Chill, Pop, Acoustic)",https://open.spotify.com/playlist/3iPh55My8E1XsNjsuA5LvE,3iPh55My8E1XsNjsuA5LvE,alexrainbirdMusic
"Ultimate Indie Christmas üéÖ | alexrainbirdMusic (Pop, Folk, Acoustic)",https://open.spotify.com/playlist/0YNwdptzrgUJ5VDTCSvqdg,0YNwdptzrgUJ5VDTCSvqdg,alexrainbirdMusic
Indie/Rock/Alt Compilation - January 2023 (alexrainbirdMusic),https://open.spotify.com/playlist/7GGfu8eaOmRIsvvri7TmAm,7GGfu8eaOmRIsvvri7TmAm,alexrainbirdMusic
Indie/Pop/Folk Compilation - January 2023 (alexrainbirdMusic),https://open.spotify.com/playlist/6iS5KJtKC9gtf8DesdmZgt,6iS5KJtKC9gtf8DesdmZgt,alexrainbirdMusic
alexrainbirdMusic 2022,https://open.spotify.com/playlist/483fBRfHGh2rgumYW9ZR48,483fBRfHGh2rgumYW9ZR48,alexrainbirdMusic
Indie Christmas 2022 üéÑ - A Festive Folk/Pop Playlist,https://open.spotify.com/playlist/7LUllTQckv5fDQwI1wRMLM,7LUllTQckv5fDQwI1wRMLM,alexrainbirdMusic
Indie/Rock/Alt Compilation - December 2022 (alexrainbirdMusic),https://open.spotify.com/playlist/6x7mNeoN8KvxilL6Mo0FIo,6x7mNeoN8KvxilL6Mo0FIo,alexrainbirdMusic
Indie/Pop/Folk Compilation - December 2022 (alexrainbirdMusic),https://open.spotify.com/playlist/4CZtV5apcq1Y4GRr2EU1eA,4CZtV5apcq1Y4GRr2EU1eA,alexrainbirdMusic
Warm & Cozy ‚ú® - A Folk/Acoustic/Chill Playlist | Vol. 2,https://open.spotify.com/playlist/5stSErg1RhSByPHTtC2mqU,5stSErg1RhSByPHTtC2mqU,alexrainbirdMusic
Indie/Rock/Alt Compilation - November 2022 (alexrainbirdMusic),https://open.spotify.com/playlist/1bDE7wnXmWaQnxdJHIhTuz,1bDE7wnXmWaQnxdJHIhTuz,alexrainbirdMusic
Indie/Pop/Folk Compilation - November 2022 (alexrainbirdMusic),https://open.spotify.com/playlist/4LBRZ1gtZNKnW5q5McD1em,4LBRZ1gtZNKnW5q5McD1em,alexrainbirdMusic
Indie Halloween 2022 üéÉ - A Dark & Spooky Indie/Folk/Alternative Playlist,https://open.spotify.com/playlist/1xerNypVavfaXpnVjPhRBh,1xerNypVavfaXpnVjPhRBh,alexrainbirdMusic
Pumpkin Spice üéÉ‚òï - A Cozy Indie/Folk/Acoustic Playlist,https://open.spotify.com/playlist/178EKH7x8aHvbb8MpYCZs2,178EKH7x8aHvbb8MpYCZs2,alexrainbirdMusic
Indie/Rock/Alt Compilation - October 2022 (alexrainbirdMusic),https://open.spotify.com/playlist/2qDUu9hXsDWvihmhIyGbLZ,2qDUu9hXsDWvihmhIyGbLZ,alexrainbirdMusic
Indie/Pop/Folk Compilation - October 2022 (alexrainbirdMusic),https://open.spotify.com/playlist/0QRBDaeLZtQjKyAA9JOYz0,0QRBDaeLZtQjKyAA9JOYz0,alexrainbirdMusic
Indie/Indie-Folk Compilation - Autumn/Fall 2022 üçÇ (alexrainbirdMusic),https://open.spotify.com/playlist/2OT2dAFeP0ygULsxPYij2n,2OT2dAFeP0ygULsxPYij2n,alexrainbirdMusic
Indie/Rock/Alt Compilation - September 2022 (alexrainbirdMusic),https://open.spotify.com/playlist/5sPnmxMeI8wFer6IzKQNqy,5sPnmxMeI8wFer6IzKQNqy,alexrainbirdMusic
Indie/Pop/Folk Compilation - September 2022 (alexrainbirdMusic),https://open.spotify.com/playlist/4JETEKcQZJpfdUCRE8hooZ,4JETEKcQZJpfdUCRE8hooZ,alexrainbirdMusic
Lost In The Wilderness ‚Üü - An Indie/Folk/Alternative Playlist,https://open.spotify.com/playlist/4IDZ47xyvOfmSseRYmbg4U,4IDZ47xyvOfmSseRYmbg4U,alexrainbirdMusic
Indie/Rock/Alt Compilation - August 2022 (alexrainbirdMusic),https://open.spotify.com/playlist/12wuSp6BVW7hdfahKufz21,12wuSp6BVW7hdfahKufz21,alexrainbirdMusic
Indie/Pop/Folk Compilation - August 2022 (alexrainbirdMusic),https://open.spotify.com/playlist/1BzH8gu9zEpDjYPVd6ZrXs,1BzH8gu9zEpDjYPVd6ZrXs,alexrainbirdMusic
Road Trip üöê - An Indie/Pop/Rock Playlist | Vol. 4,https://open.spotify.com/playlist/0b4ufmcU2h5UxRUV2oux90,0b4ufmcU2h5UxRUV2oux90,alexrainbirdMusic
Indie/Rock/Alt Compilation - July 2022 (alexrainbirdMusic),https://open.spotify.com/playlist/7wI1PEyAYB5qsXDpSl354l,7wI1PEyAYB5qsXDpSl354l,alexrainbirdMusic
Indie/Pop/Folk Compilation - July 2022 (alexrainbirdMusic),https://open.spotify.com/playlist/092OQpJ2oUQCBVhHV9FJk3,092OQpJ2oUQCBVhHV9FJk3,alexrainbirdMusic
Indie/Indie-Folk Compilation - Summer 2022 ‚òÄÔ∏è (alexrainbirdMusic),https://open.spotify.com/playlist/63IMD9UstCO34CGStaIbJv,63IMD9UstCO34CGStaIbJv,alexrainbirdMusic
Indie/Rock/Alt Compilation - June 2022 (alexrainbirdMusic),https://open.spotify.com/playlist/6TUL6k50VY67UA28QIbJ4P,6TUL6k50VY67UA28QIbJ4P,alexrainbirdMusic
Indie/Pop/Folk Compilation - June 2022 (alexrainbirdMusic),https://open.spotify.com/playlist/0ozx2zG5ONmZaK3WLZLiSZ,0ozx2zG5ONmZaK3WLZLiSZ,alexrainbirdMusic
Under The Stars üåå - A Celestial Folk/Pop Playlist,https://open.spotify.com/playlist/59Iy4kuvXLP4JiLwTiE44F,59Iy4kuvXLP4JiLwTiE44F,alexrainbirdMusic
Indie/Rock/Alt Compilation - May 2022 (alexrainbirdMusic),https://open.spotify.com/playlist/6qOcutgkBxOprswoBrhQAa,6qOcutgkBxOprswoBrhQAa,alexrainbirdMusic
Indie/Pop/Folk Compilation - May 2022 (alexrainbirdMusic),https://open.spotify.com/playlist/1mJjk8QAaIRwchff3u47Ev,1mJjk8QAaIRwchff3u47Ev,alexrainbirdMusic
Calm Places üïØÔ∏è - A Safe & Comforting Folk/Pop Playlist,https://open.spotify.com/playlist/5yVLWs8pg2MytDkWIct5Ul,5yVLWs8pg2MytDkWIct5Ul,alexrainbirdMusic
Into The Woods üå≤ - A Mysterious Folk/Pop Playlist,https://open.spotify.com/playlist/199U4KJceMx4kISwnJ3roK,199U4KJceMx4kISwnJ3roK,alexrainbirdMusic
Indie/Rock/Alt Compilation - April 2022 (alexrainbirdMusic),https://open.spotify.com/playlist/0RsoM2ZW27StzVSdDfuzwF,0RsoM2ZW27StzVSdDfuzwF,alexrainbirdMusic
Indie/Pop/Folk Compilation - April 2022 (alexrainbirdMusic),https://open.spotify.com/playlist/2ph6YSPj5cFFucVApYBvDd,2ph6YSPj5cFFucVApYBvDd,alexrainbirdMusic
Indie/Indie-Folk Compilation - Spring 2022 üåº (alexrainbirdMusic),https://open.spotify.com/playlist/2HotOvxGplA5XnKcggbIEI,2HotOvxGplA5XnKcggbIEI,alexrainbirdMusic
Indie/Rock/Alt Compilation - March 2022 (alexrainbirdMusic),https://open.spotify.com/playlist/5gaWsLLnlZpHuEK2Evfg7d,5gaWsLLnlZpHuEK2Evfg7d,alexrainbirdMusic
Indie/Pop/Folk Compilation - March 2022 (alexrainbirdMusic),https://open.spotify.com/playlist/4mTWD8JdKH4dXNjpaZz8Sp,4mTWD8JdKH4dXNjpaZz8Sp,alexrainbirdMusic
Read & Relax üìñ - A Peaceful Folk/Pop Playlist,https://open.spotify.com/playlist/5EasZ5mzMZs02fNaWQr3TH,5EasZ5mzMZs02fNaWQr3TH,alexrainbirdMusic
Indie/Rock/Alt Compilation - February 2022 (alexrainbirdMusic),https://open.spotify.com/playlist/1LR1YFYu7cTNBG2NGdkwnQ,1LR1YFYu7cTNBG2NGdkwnQ,alexrainbirdMusic
Indie/Pop/Folk Compilation - February 2022 (alexrainbirdMusic),https://open.spotify.com/playlist/0qqRlV3tadPTmuneYUvv8Y,0qqRlV3tadPTmuneYUvv8Y,alexrainbirdMusic
Rainy Days üåßÔ∏è - A Melancholic Folk/Pop Playlist,https://open.spotify.com/playlist/20y70uUzVkJGMGV18f7BPP,20y70uUzVkJGMGV18f7BPP,alexrainbirdMusic
Indie/Rock/Alt Compilation - January 2022 (alexrainbirdMusic),https://open.spotify.com/playlist/5V54tzgcPVTtpUMBZHBGfS,5V54tzgcPVTtpUMBZHBGfS,alexrainbirdMusic
Indie/Pop/Folk Compilation - January 2022 (alexrainbirdMusic),https://open.spotify.com/playlist/6Xe1WwOT01bMtVrW9yT5h3,6Xe1WwOT01bMtVrW9yT5h3,alexrainbirdMusic
Best of alexrainbirdMusic 2021 üéâ - An Indie/Pop/Folk/Rock Playlist,https://open.spotify.com/playlist/5JAOqw2eNDVs6Ntvkwg45K,5JAOqw2eNDVs6Ntvkwg45K,alexrainbirdMusic
alexrainbirdMusic 2021,https://open.spotify.com/playlist/0MNEycLXyHiMQOT8L5CspV,0MNEycLXyHiMQOT8L5CspV,alexrainbirdMusic
Indie Christmas 2021 üéÑ - A Festive Folk/Pop Playlist,https://open.spotify.com/playlist/0dTfobeNe9YHzeGT8Rs0bi,0dTfobeNe9YHzeGT8Rs0bi,alexrainbirdMusic
Indie/Rock/Alt Compilation - December 2021 (alexrainbirdMusic),https://open.spotify.com/playlist/5j791w57e4Q7acfrLuZXa8,5j791w57e4Q7acfrLuZXa8,alexrainbirdMusic
Indie/Pop/Folk Compilation - December 2021 (alexrainbirdMusic),https://open.spotify.com/playlist/1TRzCnmmQfPKDNkjppJZ2q,1TRzCnmmQfPKDNkjppJZ2q,alexrainbirdMusic
Indie/Indie-Folk Compilation - Winter 2021 ‚ùÑÔ∏è (alexrainbirdMusic),https://open.spotify.com/playlist/086ygYtwLhxZZDGepB8pLl,086ygYtwLhxZZDGepB8pLl,alexrainbirdMusic
Cozy Cabin üèïÔ∏è - A Calming Indie/Folk/Chill Playlist,https://open.spotify.com/playlist/1SkscP0elo6rIQw0k7K7pc,1SkscP0elo6rIQw0k7K7pc,alexrainbirdMusic
Indie/Rock/Alt Compilation - November 2021 (alexrainbirdMusic),https://open.spotify.com/playlist/2PfnMS4u5okZ5PuRgUqjBR,2PfnMS4u5okZ5PuRgUqjBR,alexrainbirdMusic
Indie/Pop/Folk Compilation - November 2021 (alexrainbirdMusic),https://open.spotify.com/playlist/68MeklMT25eTLKhS84Gb1v,68MeklMT25eTLKhS84Gb1v,alexrainbirdMusic
Dark Forest ü¶á - An Indie/Folk/Alternative Playlist | Vol. 4 (Halloween 2021),https://open.spotify.com/playlist/02nnbJtNlbMg6aqv6mx5SG,02nnbJtNlbMg6aqv6mx5SG,alexrainbirdMusic
Sweater Weather üß£üéÉ - A Indie/Folk/Acoustic Playlist,https://open.spotify.com/playlist/6IX2aXDMHry89SpX6NSFog,6IX2aXDMHry89SpX6NSFog,alexrainbirdMusic
Indie/Rock/Alt Compilation - October 2021 (alexrainbirdMusic),https://open.spotify.com/playlist/1jA19gqEiNvZOblBpRrOef,1jA19gqEiNvZOblBpRrOef,alexrainbirdMusic
Indie/Pop/Folk Compilation - October 2021 (alexrainbirdMusic),https://open.spotify.com/playlist/2PaH97usiSS0zS25jiJy6w,2PaH97usiSS0zS25jiJy6w,alexrainbirdMusic
Stress-Free Studying üìö - An Indie/Folk/Pop Playlist | Vol. 3,https://open.spotify.com/playlist/3WEl7QctcpBEZZdu1SqaUa,3WEl7QctcpBEZZdu1SqaUa,alexrainbirdMusic
Indie/Indie-Folk Compilation - Autumn/Fall 2021 üçÇ (alexrainbirdMusic),https://open.spotify.com/playlist/1DzxqxWb84ci6bgGfLMZ2L,1DzxqxWb84ci6bgGfLMZ2L,alexrainbirdMusic
Indie/Rock/Alt Compilation - September 2021 (alexrainbirdMusic),https://open.spotify.com/playlist/6aFmXltwjNhZtvPO6Nzui2,6aFmXltwjNhZtvPO6Nzui2,alexrainbirdMusic
Indie/Pop/Folk Compilation - September 2021 (alexrainbirdMusic),https://open.spotify.com/playlist/6jddOKwmMHJZRysB8NwAqo,6jddOKwmMHJZRysB8NwAqo,alexrainbirdMusic
Wanderlust üå≤ - An Indie/Folk/Pop Playlist | Vol. III,https://open.spotify.com/playlist/3pQG8BBI5mcYQ2mIk1hqx3,3pQG8BBI5mcYQ2mIk1hqx3,alexrainbirdMusic
Endless Summer Nights üåÉüå¥ - An Indie/Alternative Playlist,https://open.spotify.com/playlist/0z98XUgDI1gDPaKjXrBAly,0z98XUgDI1gDPaKjXrBAly,alexrainbirdMusic
Indie/Rock/Alt Compilation - August 2021 (alexrainbirdMusic),https://open.spotify.com/playlist/6GcBjc2hwKdavvL8TIbomi,6GcBjc2hwKdavvL8TIbomi,alexrainbirdMusic
Indie/Pop/Folk Compilation - August 2021 (alexrainbirdMusic),https://open.spotify.com/playlist/4onsNzmcIiL9H4ZsDk9h0P,4onsNzmcIiL9H4ZsDk9h0P,alexrainbirdMusic
Relaxing Sunday Mornings ‚òï - An Indie/Folk/Pop Playlist | Vol. 5,https://open.spotify.com/playlist/5pXNVNg7uxu79gmx6UOdJ7,5pXNVNg7uxu79gmx6UOdJ7,alexrainbirdMusic
Good Vibes! üôå - A Happy Indie/Pop/Folk Playlist | Vol. 2,https://open.spotify.com/playlist/6TWmiYubqs0xpcpZrsRUAx,6TWmiYubqs0xpcpZrsRUAx,alexrainbirdMusic
Indie/Rock/Alt Compilation - July 2021 (alexrainbirdMusic),https://open.spotify.com/playlist/6MGiDfZ3yhY0Hg8Ej5Be73,6MGiDfZ3yhY0Hg8Ej5Be73,alexrainbirdMusic
Indie/Pop/Folk Compilation - July 2021 (alexrainbirdMusic),https://open.spotify.com/playlist/0i5qNS3ldKHWA4D2MDWsQ4,0i5qNS3ldKHWA4D2MDWsQ4,alexrainbirdMusic
Indie/Indie-Folk Compilation - Summer 2021 ‚òÄÔ∏è (alexrainbirdMusic),https://open.spotify.com/playlist/78EztZuvopIkhE6BJW9de8,78EztZuvopIkhE6BJW9de8,alexrainbirdMusic
Indie/Rock/Alt Compilation - June 2021 (alexrainbirdMusic),https://open.spotify.com/playlist/7evtdDxwmD0rFyaimdk8Pr,7evtdDxwmD0rFyaimdk8Pr,alexrainbirdMusic
Indie/Pop/Folk Compilation - June 2021 (alexrainbirdMusic),https://open.spotify.com/playlist/6OcdFlFd1ghGwNIwDZM21X,6OcdFlFd1ghGwNIwDZM21X,alexrainbirdMusic
The Ocean Is Calling üåä - A Coastal Indie/Pop/Folk Playlist ,https://open.spotify.com/playlist/46Saq9ZieeAyKZPZLPWdNP,46Saq9ZieeAyKZPZLPWdNP,alexrainbirdMusic
Acoustic Nights üåôüåÉ - A Midnight Indie/Folk/Chill Playlist,https://open.spotify.com/playlist/5Qf6YChegPVYdiHDXV0EAf,5Qf6YChegPVYdiHDXV0EAf,alexrainbirdMusic
Indie/Rock/Alt Compilation - May 2021 (alexrainbirdMusic),https://open.spotify.com/playlist/5brzr7d1jQClshfl3ZStLB,5brzr7d1jQClshfl3ZStLB,alexrainbirdMusic
Indie/Pop/Folk Compilation - May 2021 (alexrainbirdMusic),https://open.spotify.com/playlist/7s8kNAkyBDonv8F9F0jeoi,7s8kNAkyBDonv8F9F0jeoi,alexrainbirdMusic
Brighter Days üåª - A Hopeful Indie/Pop/Folk Playlist,https://open.spotify.com/playlist/3AdPD3N0pPP87EyLAWvLeX,3AdPD3N0pPP87EyLAWvLeX,alexrainbirdMusic
beautiful. üóª - An Emotional Indie/Folk/Pop Playlist | Vol. 2,https://open.spotify.com/playlist/5w9Q8KM5e7kVAboWVgNj7b,5w9Q8KM5e7kVAboWVgNj7b,alexrainbirdMusic
Indie/Rock/Alt Compilation - April 2021 (alexrainbirdMusic),https://open.spotify.com/playlist/6YnCbJYHAqqmyWxip0X8c5,6YnCbJYHAqqmyWxip0X8c5,alexrainbirdMusic
Indie/Pop/Folk Compilation - April 2021 (alexrainbirdMusic),https://open.spotify.com/playlist/3SANDKc1KtqyLuhnSTXnaO,3SANDKc1KtqyLuhnSTXnaO,alexrainbirdMusic
Indie/Indie-Folk Compilation - Spring 2021 üåº (alexrainbirdMusic) ,https://open.spotify.com/playlist/7zkofr2LipUciessnwQ8RB,7zkofr2LipUciessnwQ8RB,alexrainbirdMusic
Ultimate Best of alexrainbirdMusic (1M Subscribers Playlist) üéâ,https://open.spotify.com/playlist/4ionsjF9UgQxiebMEVpIXG,4ionsjF9UgQxiebMEVpIXG,alexrainbirdMusic
alexrainbirdMusic Live Celebration üé§ü•≥ (1 Million Subscribers Playlist),https://open.spotify.com/playlist/1tNHG9GoHpjDqmmqPRQMx1,1tNHG9GoHpjDqmmqPRQMx1,alexrainbirdMusic
Indie/Rock/Alt Compilation - March 2021 (alexrainbirdMusic),https://open.spotify.com/playlist/5lvTze2JddYpE3y34HMJ8t,5lvTze2JddYpE3y34HMJ8t,alexrainbirdMusic
Indie/Pop/Folk Compilation - March 2021 (alexrainbirdMusic),https://open.spotify.com/playlist/0sDuICvXrOvr6ikxpD5hXF,0sDuICvXrOvr6ikxpD5hXF,alexrainbirdMusic
Tender Love ‚ù§Ô∏è - An Indie/Folk/Pop Playlist | Vol. 3,https://open.spotify.com/playlist/4hQ2g2I5FdJQqJw9gAAdU0,4hQ2g2I5FdJQqJw9gAAdU0,alexrainbirdMusic
Indie/Rock/Alt Compilation - February 2021 (alexrainbirdMusic),https://open.spotify.com/playlist/6SN3MzFgagDA4UFjzYDnbk,6SN3MzFgagDA4UFjzYDnbk,alexrainbirdMusic
Indie/Pop/Folk Compilation - February 2021 (alexrainbirdMusic),https://open.spotify.com/playlist/72obsjS3N5AzSH9JypsM5T,72obsjS3N5AzSH9JypsM5T,alexrainbirdMusic
Acoustic Office ü™ïüñ•Ô∏è - An Indie/Folk/Pop Working Playlist,https://open.spotify.com/playlist/1nb8nn1wMi1YGqwcUoRto8,1nb8nn1wMi1YGqwcUoRto8,alexrainbirdMusic
Indie/Rock/Alt Compilation - January 2021 (alexrainbirdMusic),https://open.spotify.com/playlist/4C87UQ9zMUkKgt3ZiTaOop,4C87UQ9zMUkKgt3ZiTaOop,alexrainbirdMusic
Indie/Pop/Folk Compilation - January 2021 (alexrainbirdMusic),https://open.spotify.com/playlist/5jYYWnQy7ora5g3z9xKuML,5jYYWnQy7ora5g3z9xKuML,alexrainbirdMusic
alexrainbirdMusic 2020,https://open.spotify.com/playlist/1URIcSUOWfuKJibpv7fkpg,1URIcSUOWfuKJibpv7fkpg,alexrainbirdMusic
Indie Christmas 2020 üéÑ - A Festive Folk/Pop Playlist,https://open.spotify.com/playlist/5nbIy7XGJWKXnhPatOD9wX,5nbIy7XGJWKXnhPatOD9wX,alexrainbirdMusic
Indie/Rock/Alt Compilation - December 2020 (alexrainbirdMusic),https://open.spotify.com/playlist/7M4MpdRukroPOuDrJCrIPA,7M4MpdRukroPOuDrJCrIPA,alexrainbirdMusic
Indie/Pop/Folk Compilation - December 2020 (alexrainbirdMusic),https://open.spotify.com/playlist/2HnelmYapr9MSQN4coMskP,2HnelmYapr9MSQN4coMskP,alexrainbirdMusic
Indie/Indie-Folk Compilation - Winter 2020 ‚ùÑÔ∏è (alexrainbirdMusic),https://open.spotify.com/playlist/2y6Hy3xmIjOn3guvqgkXjD,2y6Hy3xmIjOn3guvqgkXjD,alexrainbirdMusic
Warm & Cozy ‚ú® - A Folk/Acoustic/Chill Playlist,https://open.spotify.com/playlist/5JLqwHGIVadiIrLf5yc60S,5JLqwHGIVadiIrLf5yc60S,alexrainbirdMusic
Indie/Rock/Alt Compilation - November 2020 (alexrainbirdMusic),https://open.spotify.com/playlist/4kxJqLu5NJsvIYolzu6iG4,4kxJqLu5NJsvIYolzu6iG4,alexrainbirdMusic
Indie/Pop/Folk Compilation - November 2020 (alexrainbirdMusic),https://open.spotify.com/playlist/5wd9qYX1dV5ASiM7Dohe7D,5wd9qYX1dV5ASiM7Dohe7D,alexrainbirdMusic
Dark Forest ü¶á - An Indie/Folk/Alternative Playlist | Vol. 3 (Halloween 2020),https://open.spotify.com/playlist/4yU5ogp9DKEeXScpy1e5qs,4yU5ogp9DKEeXScpy1e5qs,alexrainbirdMusic
Cozy Coffeehouse ‚òï - An Indie/Folk/Acoustic Playlist | Vol. 3,https://open.spotify.com/playlist/3vA1HuzHI1n6BEOsUJN6se,3vA1HuzHI1n6BEOsUJN6se,alexrainbirdMusic
Indie/Rock/Alt Compilation - October 2020 (alexrainbirdMusic),https://open.spotify.com/playlist/1GCa4zLts2ZVKEFNhINErt,1GCa4zLts2ZVKEFNhINErt,alexrainbirdMusic
Indie/Pop/Folk Compilation - October 2020 (alexrainbirdMusic),https://open.spotify.com/playlist/00dnn7sJPYGX7BDafsQElI,00dnn7sJPYGX7BDafsQElI,alexrainbirdMusic
Best of alexrainbirdMusic // Vol. 7 (900k Subscribers Playlist) üéâ,https://open.spotify.com/playlist/4mkkpyVYoISJViGbYzsl1j,4mkkpyVYoISJViGbYzsl1j,alexrainbirdMusic
Indie/Indie-Folk Compilation - Autumn/Fall 2020 üçÇ (alexrainbirdMusic),https://open.spotify.com/playlist/4tNCkv6UXneJJ7olL5CQk6,4tNCkv6UXneJJ7olL5CQk6,alexrainbirdMusic
Indie/Rock/Alt Compilation - September 2020 (alexrainbirdMusic),https://open.spotify.com/playlist/3Hubux1u6T8GL9D1ipoFa9,3Hubux1u6T8GL9D1ipoFa9,alexrainbirdMusic
Indie/Pop/Folk Compilation - September 2020 (alexrainbirdMusic),https://open.spotify.com/playlist/6v8ZL3XcAOrbHODU3NNEBe,6v8ZL3XcAOrbHODU3NNEBe,alexrainbirdMusic
RUNNING WILD üèÉ - An Indie/Pop/Rock/Folk Workout Playlist,https://open.spotify.com/playlist/1TAx0s7pltudjCX39itRXB,1TAx0s7pltudjCX39itRXB,alexrainbirdMusic
Indie/Rock/Alt Compilation - August 2020 (alexrainbirdMusic),https://open.spotify.com/playlist/4Acp2UqyH8gbp6zURP8kOQ,4Acp2UqyH8gbp6zURP8kOQ,alexrainbirdMusic
Indie/Pop/Folk Compilation - August 2020 (alexrainbirdMusic),https://open.spotify.com/playlist/6AlZh0aXWU18nMUhfBCYyS,6AlZh0aXWU18nMUhfBCYyS,alexrainbirdMusic
Road Trip üöê - An Indie/Pop/Rock Playlist | Vol. 3,https://open.spotify.com/playlist/0K5KxvzCGqTkd47QfVfT9f,0K5KxvzCGqTkd47QfVfT9f,alexrainbirdMusic
The Mountains Are Calling ‚õ∞Ô∏è - An Indie/Folk/Pop Playlist,https://open.spotify.com/playlist/1Q9m98oZjlxL62FWI0ZGCb,1Q9m98oZjlxL62FWI0ZGCb,alexrainbirdMusic
Indie/Rock/Alt Compilation - July 2020 (alexrainbirdMusic),https://open.spotify.com/playlist/6ITE6L4PkD6MGQYYlXfsaO,6ITE6L4PkD6MGQYYlXfsaO,alexrainbirdMusic
Indie/Pop/Folk Compilation - July 2020 (alexrainbirdMusic),https://open.spotify.com/playlist/78ovQof3LXCS4C4TPbVDkp,78ovQof3LXCS4C4TPbVDkp,alexrainbirdMusic
Sad Songs üòì - An Indie/Folk/Pop Playlist,https://open.spotify.com/playlist/4Bhi9jz2llYpThE3cRy50H,4Bhi9jz2llYpThE3cRy50H,alexrainbirdMusic
Indie/Indie-Folk Compilation - Summer 2020 ‚òÄÔ∏è (alexrainbirdMusic),https://open.spotify.com/playlist/1OUBudgfyUELvwChycABwr,1OUBudgfyUELvwChycABwr,alexrainbirdMusic
Indie/Rock/Alt Compilation - June 2020 (alexrainbirdMusic),https://open.spotify.com/playlist/2mLVIPTbLjwqNrUXE0i2Au,2mLVIPTbLjwqNrUXE0i2Au,alexrainbirdMusic
Indie/Pop/Folk Compilation - June 2020 (alexrainbirdMusic),https://open.spotify.com/playlist/0BKXir5U71bqzqKv6D531g,0BKXir5U71bqzqKv6D531g,alexrainbirdMusic
acoustic evenings üåôüõèÔ∏è - A Cozy Indie/Folk/Chill Playlist,https://open.spotify.com/playlist/6E5G3D7J1Rv31euGvWjS2r,6E5G3D7J1Rv31euGvWjS2r,alexrainbirdMusic
Indie/Rock/Alt Compilation - May 2020 (alexrainbirdMusic),https://open.spotify.com/playlist/1sQKbQMA9pnnB49KpJOji6,1sQKbQMA9pnnB49KpJOji6,alexrainbirdMusic
Indie/Pop/Folk Compilation - May 2020 (alexrainbirdMusic),https://open.spotify.com/playlist/0twPlfQnO2RfOoqjL7Zj4l,0twPlfQnO2RfOoqjL7Zj4l,alexrainbirdMusic
Wake Up Happy ‚òÄÔ∏è ‚è∞ - An Indie/Pop/Folk ‚ÄúGood Morning‚Äù Playlist | Vol. II,https://open.spotify.com/playlist/42mRyz1LkxSSTvslf2PuLu,42mRyz1LkxSSTvslf2PuLu,alexrainbirdMusic
Indie/Rock/Alt Compilation - April 2020 (alexrainbirdMusic),https://open.spotify.com/playlist/77Z5kHNWBgnThD6umGp3Av,77Z5kHNWBgnThD6umGp3Av,alexrainbirdMusic
Indie/Pop/Folk Compilation - April 2020 (alexrainbirdMusic),https://open.spotify.com/playlist/01sm04hOXPhGMSecuyePM9,01sm04hOXPhGMSecuyePM9,alexrainbirdMusic
Relax Your Mind üòä‚òï - A Chilled Indie/Folk/Pop Playlist,https://open.spotify.com/playlist/5e5hrMWduhOU9XHdDRVwH5,5e5hrMWduhOU9XHdDRVwH5,alexrainbirdMusic
Best of alexrainbirdMusic // Vol. 6 (800k Subscribers Playlist) üéâ,https://open.spotify.com/playlist/4gDlkeONN4IP2AI3h5c39B,4gDlkeONN4IP2AI3h5c39B,alexrainbirdMusic
Indie/Indie-Folk Compilation - Spring 2020 üåº (alexrainbirdMusic),https://open.spotify.com/playlist/1Urx9I7zj9Ivt6iRMBnEtR,1Urx9I7zj9Ivt6iRMBnEtR,alexrainbirdMusic
Indie/Rock/Alt Compilation - March 2020 (alexrainbirdMusic),https://open.spotify.com/playlist/6eT1wdalHeI5wGzoxWK4Oc,6eT1wdalHeI5wGzoxWK4Oc,alexrainbirdMusic
Indie/Pop/Folk Compilation - March 2020 (alexrainbirdMusic),https://open.spotify.com/playlist/2yxCNM9oGAgWa3KR4DuGor,2yxCNM9oGAgWa3KR4DuGor,alexrainbirdMusic
Relaxing Sunday Mornings ‚òï - An Indie/Folk/Pop Playlist | Vol. 4,https://open.spotify.com/playlist/5Ts24aXoCQL3Tts0kfN1NL,5Ts24aXoCQL3Tts0kfN1NL,alexrainbirdMusic
Indie/Rock/Alt Compilation - February 2020 (alexrainbirdMusic),https://open.spotify.com/playlist/4tfEGeY6Rk8Ylpdk6v4cys,4tfEGeY6Rk8Ylpdk6v4cys,alexrainbirdMusic
Indie/Pop/Folk Compilation - February 2020 (alexrainbirdMusic),https://open.spotify.com/playlist/6oeBaDrQ6cuPXvoq9Negpi,6oeBaDrQ6cuPXvoq9Negpi,alexrainbirdMusic
Goodnight World üåå - An Indie/Folk/Chill Sleeping Playlist,https://open.spotify.com/playlist/37uGzNUhiwatGcKFFlgT02,37uGzNUhiwatGcKFFlgT02,alexrainbirdMusic
Indie/Rock/Alt Compilation - January 2020 (alexrainbirdMusic),https://open.spotify.com/playlist/3RjOzJcLlJs4mgGf00Uqvb,3RjOzJcLlJs4mgGf00Uqvb,alexrainbirdMusic
Indie/Pop/Folk Compilation - January 2020 (alexrainbirdMusic),https://open.spotify.com/playlist/4AfbRPZrJbVFUHRhzdF4dD,4AfbRPZrJbVFUHRhzdF4dD,alexrainbirdMusic
"Relax/Chill Indie ‚òï | alexrainbirdMusic (Acoustic, Folk, Pop)",https://open.spotify.com/playlist/6YSm3oZ7eHqFiG2700SSlZ,6YSm3oZ7eHqFiG2700SSlZ,alexrainbirdMusic
"beautiful indie songs üóª | alexrainbirdMusic (Folk, Pop, Chill, Acoustic)",https://open.spotify.com/playlist/6MJx6Apsd25rW7y2uQd8TF,6MJx6Apsd25rW7y2uQd8TF,alexrainbirdMusic
Indie Road Trip üöê | alexrainbirdMusic,https://open.spotify.com/playlist/1uJyAo2C4eqROhaRmpaHFJ,1uJyAo2C4eqROhaRmpaHFJ,alexrainbirdMusic
Dark Indie üëª | alexrainbirdMusic,https://open.spotify.com/playlist/2tLo4rEyQaeKQ3C7ixIRpl,2tLo4rEyQaeKQ3C7ixIRpl,alexrainbirdMusic
Indie Coffeeshop ‚òï | alexrainbirdMusic,https://open.spotify.com/playlist/7h67NeS0CR0gE7k07H2w3c,7h67NeS0CR0gE7k07H2w3c,alexrainbirdMusic
Indie Love ‚ù§Ô∏è | alexrainbirdMusic,https://open.spotify.com/playlist/54iw57ZPCreTvtf2oZ8hbm,54iw57ZPCreTvtf2oZ8hbm,alexrainbirdMusic
"Indie Studying üìö | alexrainbirdMusic (Pop, Folk, Acoustic)",https://open.spotify.com/playlist/2YvSP2De6yDIyYNsIkde80,2YvSP2De6yDIyYNsIkde80,alexrainbirdMusic
"Spring Indie üåº | alexrainbirdMusic (Folk, Pop, Acoustic)",https://open.spotify.com/playlist/0IktaIecOtqKhtyeEaxC7R,0IktaIecOtqKhtyeEaxC7R,alexrainbirdMusic
Summer Indie ‚òÄÔ∏è | alexrainbirdMusic,https://open.spotify.com/playlist/2CnIfUl64g1YYEvgVHVrZ4,2CnIfUl64g1YYEvgVHVrZ4,alexrainbirdMusic
Indie Christmas 2019 üéÑ - A Festive Folk/Pop Playlist,https://open.spotify.com/playlist/5xgEVLwuWTfOS4uRVvWN5X,5xgEVLwuWTfOS4uRVvWN5X,alexrainbirdMusic
Indie/Rock/Alt Compilation - December 2019 (alexrainbirdMusic),https://open.spotify.com/playlist/3Imz1clQfmPkoR35NTamGF,3Imz1clQfmPkoR35NTamGF,alexrainbirdMusic
Indie/Pop/Folk Compilation - December 2019 (alexrainbirdMusic),https://open.spotify.com/playlist/5c8SnrQKJpXZVgqfYB4xM5,5c8SnrQKJpXZVgqfYB4xM5,alexrainbirdMusic
Indie/Indie-Folk Compilation - Winter 2019 ‚ùÑÔ∏è (alexrainbirdMusic),https://open.spotify.com/playlist/7tokn4PLNIlaoH1FGmarEN,7tokn4PLNIlaoH1FGmarEN,alexrainbirdMusic
Indie/Rock/Alt Compilation - November 2019 (alexrainbirdMusic),https://open.spotify.com/playlist/2hWUVRjAvvaX11TNDwApFd,2hWUVRjAvvaX11TNDwApFd,alexrainbirdMusic
Indie/Pop/Folk Compilation - November 2019 (alexrainbirdMusic),https://open.spotify.com/playlist/1OJlYIzrcnDkJB4Oi5c22w,1OJlYIzrcnDkJB4Oi5c22w,alexrainbirdMusic
Stress-Free Studying üìö - An Indie/Folk/Pop Playlist | Vol. 2,https://open.spotify.com/playlist/0S0lOyRml4znzJQw7Azzsg,0S0lOyRml4znzJQw7Azzsg,alexrainbirdMusic
"alexrainbirdMusic LIVE SHOW Playlist (Cinders, Canyon City, All Faces)",https://open.spotify.com/playlist/2GmBBtTtG8oTWw6HwKFEaV,2GmBBtTtG8oTWw6HwKFEaV,alexrainbirdMusic
Best of alexrainbirdMusic // Vol. 5 (700k Subscribers Playlist) üéâ,https://open.spotify.com/playlist/3oUo1zD80LAdJmEGcmk951,3oUo1zD80LAdJmEGcmk951,alexrainbirdMusic
Cozy Coffeehouse ‚òï - An Indie/Folk/Acoustic Playlist | Vol. 2,https://open.spotify.com/playlist/1WlXrFdrdNlHck9ESV6UJ3,1WlXrFdrdNlHck9ESV6UJ3,alexrainbirdMusic
Indie/Rock/Alt Compilation - October 2019 (alexrainbirdMusic),https://open.spotify.com/playlist/2z6enBn8jN1VZaLKrqIeaT,2z6enBn8jN1VZaLKrqIeaT,alexrainbirdMusic
Indie/Pop/Folk Compilation - October 2019 (alexrainbirdMusic),https://open.spotify.com/playlist/3vEk5JuKLMo0cMck9n47Kh,3vEk5JuKLMo0cMck9n47Kh,alexrainbirdMusic
Indie/Indie-Folk Compilation - Autumn/Fall 2019 (alexrainbirdMusic),https://open.spotify.com/playlist/1YUGNq2I6CrSJHLrqeORrg,1YUGNq2I6CrSJHLrqeORrg,alexrainbirdMusic
Indie/Rock/Alt Compilation - September 2019 (alexrainbirdMusic),https://open.spotify.com/playlist/0jLAdMEFshTq0gAPblzVIh,0jLAdMEFshTq0gAPblzVIh,alexrainbirdMusic
Indie/Pop/Folk Compilation - September 2019 (alexrainbirdMusic),https://open.spotify.com/playlist/2VqLfzrd7RiC0Tanb8y0sV,2VqLfzrd7RiC0Tanb8y0sV,alexrainbirdMusic
All Faces - The Essentials Playlist,https://open.spotify.com/playlist/4MwWKsFvbpBWKaotp9CEk7,4MwWKsFvbpBWKaotp9CEk7,alexrainbirdMusic
Wanderlust üå≤ - An Indie/Folk/Pop Playlist | Vol. II,https://open.spotify.com/playlist/64LXGxj4WB4i7Wmz8o9W00,64LXGxj4WB4i7Wmz8o9W00,alexrainbirdMusic
Travel the World ‚úàÔ∏èüåç - An Indie/Pop/Folk Playlist ,https://open.spotify.com/playlist/6RUPUtjJERfXZfTeNVKUmG,6RUPUtjJERfXZfTeNVKUmG,alexrainbirdMusic
Indie/Rock/Alt Compilation - August 2019 (alexrainbirdMusic),https://open.spotify.com/playlist/3cSODdSiLMhR5f9ZAtZ1U8,3cSODdSiLMhR5f9ZAtZ1U8,alexrainbirdMusic
Indie/Pop/Folk Compilation - August 2019 (alexrainbirdMusic),https://open.spotify.com/playlist/2poSVvRmFmTfwFO3DC2ivx,2poSVvRmFmTfwFO3DC2ivx,alexrainbirdMusic
Canyon City - The Essentials Playlist,https://open.spotify.com/playlist/6kKL8OVF4DnIE3rTajeSly,6kKL8OVF4DnIE3rTajeSly,alexrainbirdMusic
HELLO SUNSHINE ‚òÄÔ∏è - A Summer Indie/Folk/Pop Playlist,https://open.spotify.com/playlist/2d6PxXEIrV338dsf9ggcUr,2d6PxXEIrV338dsf9ggcUr,alexrainbirdMusic
Indie/Rock/Alt Compilation - July 2019 (alexrainbirdMusic),https://open.spotify.com/playlist/3wMb4DqnfkWIv5PpzQGWeP,3wMb4DqnfkWIv5PpzQGWeP,alexrainbirdMusic
Indie/Pop/Folk Compilation - July 2019 (alexrainbirdMusic),https://open.spotify.com/playlist/6sq53U1qM3igusCdKSPKox,6sq53U1qM3igusCdKSPKox,alexrainbirdMusic
Cinders - The Essentials Playlist,https://open.spotify.com/playlist/22LCvnAZ9pP27Ax21w0M46,22LCvnAZ9pP27Ax21w0M46,alexrainbirdMusic
Wild And Free üéíüèïÔ∏è - An Indie/Pop/Folk ‚ÄúAdventure‚Äù Playlist,https://open.spotify.com/playlist/3s1BGzgZ91G8Tyupi5TzIo,3s1BGzgZ91G8Tyupi5TzIo,alexrainbirdMusic
Indie/Indie-Folk Compilation - Summer 2019 (alexrainbirdMusic),https://open.spotify.com/playlist/6DcmeHyJioxN8RZuRTkotC,6DcmeHyJioxN8RZuRTkotC,alexrainbirdMusic
Indie/Rock/Alt Compilation - June 2019 (alexrainbirdMusic),https://open.spotify.com/playlist/307F72XHELygDxwSSXjACW,307F72XHELygDxwSSXjACW,alexrainbirdMusic
Indie/Pop/Folk Compilation - June 2019 (alexrainbirdMusic),https://open.spotify.com/playlist/7JCXxiB2tKHL0Xttnfk0jB,7JCXxiB2tKHL0Xttnfk0jB,alexrainbirdMusic
Acoustic Afternoons üòåüéß - A Lazy Indie/Folk/Chill Playlist,https://open.spotify.com/playlist/4mQl0ZGb1jqWCzjTiUgADd,4mQl0ZGb1jqWCzjTiUgADd,alexrainbirdMusic
Indie/Rock/Alt Compilation - May 2019 (alexrainbirdMusic),https://open.spotify.com/playlist/34CuXHVexYmDZRdUKLzfE9,34CuXHVexYmDZRdUKLzfE9,alexrainbirdMusic
Indie/Pop/Folk Compilation - May 2019 (alexrainbirdMusic),https://open.spotify.com/playlist/6tMxWC2BWut1onCxW0JCb8,6tMxWC2BWut1onCxW0JCb8,alexrainbirdMusic
Wake Up Happy ‚òÄÔ∏è ü•£ - An Indie/Pop/Folk ‚ÄúGood Morning‚Äù Playlist,https://open.spotify.com/playlist/2szO1mTOnyZbDIJVmyuLTp,2szO1mTOnyZbDIJVmyuLTp,alexrainbirdMusic
Indie/Rock/Alt Compilation - April 2019 (alexrainbirdMusic),https://open.spotify.com/playlist/0geL56o1LUx7qi2IdGltsO,0geL56o1LUx7qi2IdGltsO,alexrainbirdMusic
Indie/Pop/Folk Compilation - April 2019 (alexrainbirdMusic),https://open.spotify.com/playlist/7mdn4k2TEddxeaS8I6GqWH,7mdn4k2TEddxeaS8I6GqWH,alexrainbirdMusic
Best of alexrainbirdMusic // Vol. 4 (600k Subscribers Playlist) üéâ,https://open.spotify.com/playlist/4jJQHiYxdc65vR7LPickn5,4jJQHiYxdc65vR7LPickn5,alexrainbirdMusic
Indie/Indie-Folk Compilation - Spring 2019 (alexrainbirdMusic),https://open.spotify.com/playlist/18gku1hBT22Prg7ljuUk1m,18gku1hBT22Prg7ljuUk1m,alexrainbirdMusic
Indie/Rock/Alt Compilation - March 2019 (alexrainbirdMusic),https://open.spotify.com/playlist/42PI64jMgSgXAbrHhEXcrl,42PI64jMgSgXAbrHhEXcrl,alexrainbirdMusic
Indie/Pop/Folk Compilation - March 2019 (alexrainbirdMusic),https://open.spotify.com/playlist/18hs1F9tHZAGaAxevIxpyg,18hs1F9tHZAGaAxevIxpyg,alexrainbirdMusic
Forests & Firewood üî• - An Indie/Folk/Pop Campfire Playlist üèïÔ∏è,https://open.spotify.com/playlist/4zr0CYp8sqMRePxF15GzoF,4zr0CYp8sqMRePxF15GzoF,alexrainbirdMusic
Indie/Rock/Alt Compilation - February 2019 (alexrainbirdMusic),https://open.spotify.com/playlist/4zqqmKSzso0a5ZvUoN7cIJ,4zqqmKSzso0a5ZvUoN7cIJ,alexrainbirdMusic
Indie/Pop/Folk Compilation - February 2019 (alexrainbirdMusic),https://open.spotify.com/playlist/5xFC0yRJU6VYN4W5Gw7soL,5xFC0yRJU6VYN4W5Gw7soL,alexrainbirdMusic
Relaxing Sunday Mornings ‚òï - An Indie/Folk/Pop Playlist | Vol. 3,https://open.spotify.com/playlist/5Nt7slHdLVPOtXbu9kU8LJ,5Nt7slHdLVPOtXbu9kU8LJ,alexrainbirdMusic
Indie/Rock/Alt Compilation - January 2019 (alexrainbirdMusic),https://open.spotify.com/playlist/3MJmWSJXlYkLn1fYLOHa4Y,3MJmWSJXlYkLn1fYLOHa4Y,alexrainbirdMusic
Indie/Pop/Folk Compilation - January 2019 (alexrainbirdMusic),https://open.spotify.com/playlist/7yrJizBfifrJLVlTUhqlwL,7yrJizBfifrJLVlTUhqlwL,alexrainbirdMusic
alexrainbirdMusic 2019,https://open.spotify.com/playlist/1cwmC5BQ6IIuLsbyZNBIJl,1cwmC5BQ6IIuLsbyZNBIJl,alexrainbirdMusic
Indie Christmas 2018 üéÑ - A Festive Folk/Pop Playlist,https://open.spotify.com/playlist/68lBmZNT96IB6MOWa341Tw,68lBmZNT96IB6MOWa341Tw,alexrainbirdMusic
Indie/Rock/Alt Compilation - December 2018 (alexrainbirdMusic),https://open.spotify.com/playlist/5udg0DccGON9fGqo2HMX5E,5udg0DccGON9fGqo2HMX5E,alexrainbirdMusic
Indie/Pop/Folk Compilation - December 2018 (alexrainbirdMusic),https://open.spotify.com/playlist/6iqTx7hl8Lnwp8CQpUHo4l,6iqTx7hl8Lnwp8CQpUHo4l,alexrainbirdMusic
Indie/Indie-Folk Compilation - Winter 2018 (alexrainbirdMusic),https://open.spotify.com/playlist/42vqFX7ym8ncO4l07PS7Gl,42vqFX7ym8ncO4l07PS7Gl,alexrainbirdMusic
Indie/Rock/Alt Compilation - November 2018 (alexrainbirdMusic),https://open.spotify.com/playlist/5R1Oi4yS6PyM43CDKoCBbC,5R1Oi4yS6PyM43CDKoCBbC,alexrainbirdMusic
Indie/Pop/Folk Compilation - November 2018 (alexrainbirdMusic),https://open.spotify.com/playlist/4XXg3BKvuhLQbYgJWSCmgq,4XXg3BKvuhLQbYgJWSCmgq,alexrainbirdMusic
Best of alexrainbirdMusic // Vol. 3 (500k Subscribers Playlist) üéâ,https://open.spotify.com/playlist/7A8z9IozMMSxriiK32oKyy,7A8z9IozMMSxriiK32oKyy,alexrainbirdMusic
Dark Forest ü¶á - An Indie/Folk/Alternative Playlist | Vol. 2 (Halloween 2018),https://open.spotify.com/playlist/3DbEGRA5FEBDrWcubSyWSN,3DbEGRA5FEBDrWcubSyWSN,alexrainbirdMusic
Indie/Rock/Alt Compilation - October 2018 (alexrainbirdMusic),https://open.spotify.com/playlist/2OqLOB41koEqRleeWcqCcF,2OqLOB41koEqRleeWcqCcF,alexrainbirdMusic
Indie/Pop/Folk Compilation - October 2018 (alexrainbirdMusic),https://open.spotify.com/playlist/5qTR09CsVeHnQyqJqWarGz,5qTR09CsVeHnQyqJqWarGz,alexrainbirdMusic
Indie/Indie-Folk Compilation - Autumn/Fall 2018 (alexrainbirdMusic),https://open.spotify.com/playlist/0S6C4cOwAOa4RtF2tg0uM6,0S6C4cOwAOa4RtF2tg0uM6,alexrainbirdMusic
Cozy Coffeehouse ‚òï - An Indie/Folk/Acoustic Playlist,https://open.spotify.com/playlist/0DXplL3GV8OVo9lTw5Mt9m,0DXplL3GV8OVo9lTw5Mt9m,alexrainbirdMusic
Indie/Rock/Alt Compilation - September 2018 (alexrainbirdMusic),https://open.spotify.com/playlist/7K6PQ40Dqlssbskx8i34D7,7K6PQ40Dqlssbskx8i34D7,alexrainbirdMusic
Indie/Pop/Folk Compilation - September 2018 (alexrainbirdMusic),https://open.spotify.com/playlist/5j3S2lPAMDUwl8WkGchzfs,5j3S2lPAMDUwl8WkGchzfs,alexrainbirdMusic
Road Trip üöê - An Indie/Pop/Folk/Rock Playlist | Vol. 2,https://open.spotify.com/playlist/5Lg2Nww92nKN5Bwi3gbiaW,5Lg2Nww92nKN5Bwi3gbiaW,alexrainbirdMusic
Indie/Rock/Alt Compilation - August 2018 (alexrainbirdMusic),https://open.spotify.com/playlist/6IgPSA3IT23cDrqEdZdV4p,6IgPSA3IT23cDrqEdZdV4p,alexrainbirdMusic
Indie/Pop/Folk Compilation - August 2018 (alexrainbirdMusic),https://open.spotify.com/playlist/6cajB6T3GWId9QrAWX2u3i,6cajB6T3GWId9QrAWX2u3i,alexrainbirdMusic
Wanderlust üå≤ - An Indie/Folk/Pop Playlist,https://open.spotify.com/playlist/7pKDxGIoK9L2sWXS8usaYR,7pKDxGIoK9L2sWXS8usaYR,alexrainbirdMusic
Good Vibes! üôå - A Happy Indie/Pop/Folk Playlist,https://open.spotify.com/playlist/1YbHmfZCO8V91Nd0LGoXY2,1YbHmfZCO8V91Nd0LGoXY2,alexrainbirdMusic
Beach Days üèñÔ∏è - A Summer Indie/Folk/Pop Playlist,https://open.spotify.com/playlist/7aM61ztASk7BXXi6gxfxOR,7aM61ztASk7BXXi6gxfxOR,alexrainbirdMusic
Indie/Rock/Alt Compilation - Summer 2018 (alexrainbirdMusic),https://open.spotify.com/playlist/0onO9pbBLXIw1XS3urI0wx,0onO9pbBLXIw1XS3urI0wx,alexrainbirdMusic
Indie/Pop/Folk Compilation - Summer 2018 (alexrainbirdMusic),https://open.spotify.com/playlist/3viGlAgXLEQ5XoAV6OfT1F,3viGlAgXLEQ5XoAV6OfT1F,alexrainbirdMusic
Indie/Rock/Alt Compilation - June 2018 (alexrainbirdMusic),https://open.spotify.com/playlist/6bIzCMBfMzSmVx7afxuS5n,6bIzCMBfMzSmVx7afxuS5n,alexrainbirdMusic
Indie/Pop/Folk Compilation - June 2018 (alexrainbirdMusic),https://open.spotify.com/playlist/0naW8FLGkfqASDrUXTCG6x,0naW8FLGkfqASDrUXTCG6x,alexrainbirdMusic
Stress-Free Studying üìö - An Indie/Folk/Pop Playlist,https://open.spotify.com/playlist/32gzGnTXOLzqZWLA0XtKjn,32gzGnTXOLzqZWLA0XtKjn,alexrainbirdMusic
Indie/Rock/Alt Compilation - May 2018 (alexrainbirdMusic),https://open.spotify.com/playlist/6rfhxsvbDOKRxtwG0fM6yV,6rfhxsvbDOKRxtwG0fM6yV,alexrainbirdMusic
Indie/Pop/Folk Compilation - May 2018 (alexrainbirdMusic),https://open.spotify.com/playlist/4FCkiUgOajZVeP1KSWLOBb,4FCkiUgOajZVeP1KSWLOBb,alexrainbirdMusic
beautiful. üóª - An Emotional Indie/Folk/Pop Playlist,https://open.spotify.com/playlist/6xaNfs2soVT4pfHKe47Fyt,6xaNfs2soVT4pfHKe47Fyt,alexrainbirdMusic
Best of alexrainbirdMusic // Vol. 2 (400k Subscribers Playlist),https://open.spotify.com/playlist/2ZQGzKD8UWjiX82TNo3vlO,2ZQGzKD8UWjiX82TNo3vlO,alexrainbirdMusic
Indie/Rock/Alt Compilation - April 2018 (alexrainbirdMusic),https://open.spotify.com/playlist/0cZZzglXn1FdRK8772QM8j,0cZZzglXn1FdRK8772QM8j,alexrainbirdMusic
Indie/Pop/Folk Compilation - April 2018 (alexrainbirdMusic),https://open.spotify.com/playlist/0JoJbXiiU0FoZXqJc1nzto,0JoJbXiiU0FoZXqJc1nzto,alexrainbirdMusic
Indie/Indie-Folk Compilation - Spring 2018 (alexrainbirdMusic),https://open.spotify.com/playlist/02YM2Px1AeiKxNwgJZizMu,02YM2Px1AeiKxNwgJZizMu,alexrainbirdMusic
Indie/Rock/Alt Compilation - March 2018 (alexrainbirdMusic),https://open.spotify.com/playlist/0BELcxg6rvhPLeuEd3w2Kr,0BELcxg6rvhPLeuEd3w2Kr,alexrainbirdMusic
Indie/Pop/Folk Compilation - March 2018 (alexrainbirdMusic),https://open.spotify.com/playlist/6VcV4vXprXXYeY1MzmIuwx,6VcV4vXprXXYeY1MzmIuwx,alexrainbirdMusic
Tender Love ‚ù§Ô∏è - An Indie/Folk/Pop Playlist | Vol. 2,https://open.spotify.com/playlist/6vdpb16whKHWjQJmxoWR4N,6vdpb16whKHWjQJmxoWR4N,alexrainbirdMusic
The Ultimate Indie-Folk Playlist | Vol. 2,https://open.spotify.com/playlist/0X1vaoUlUuIdOcxMRTQVRc,0X1vaoUlUuIdOcxMRTQVRc,alexrainbirdMusic
Indie/Rock/Alt Compilation - February 2018 (alexrainbirdMusic),https://open.spotify.com/playlist/3CQycGYY0P09wzcboTnLZT,3CQycGYY0P09wzcboTnLZT,alexrainbirdMusic
Indie/Pop/Folk Compilation - February 2018 (alexrainbirdMusic),https://open.spotify.com/playlist/7xD1zVmFWKJNfAjaiOzLNl,7xD1zVmFWKJNfAjaiOzLNl,alexrainbirdMusic
Relaxing Sunday Mornings ‚òï - An Indie/Folk/Pop Playlist | Vol. 2,https://open.spotify.com/playlist/1Bzyec2TKWMfzPlBQjClQO,1Bzyec2TKWMfzPlBQjClQO,alexrainbirdMusic
Indie/Rock/Alt Compilation - January 2018 (alexrainbirdMusic),https://open.spotify.com/playlist/3faxUHimghRYMUdIZsjNKc,3faxUHimghRYMUdIZsjNKc,alexrainbirdMusic
alexrainbirdMusic 2018,https://open.spotify.com/playlist/2gCHaXDsqqmjpec20FN5Lc,2gCHaXDsqqmjpec20FN5Lc,alexrainbirdMusic
Indie/Pop/Folk Compilation - January 2018 (alexrainbirdMusic),https://open.spotify.com/playlist/4jAydHiD7oNFHbJDERZkKI,4jAydHiD7oNFHbJDERZkKI,alexrainbirdMusic
Indie Christmas 2017 üéÑ - A Festive Folk/Pop Playlist,https://open.spotify.com/playlist/7biaL2zg9iTBsQNhHDjIyM,7biaL2zg9iTBsQNhHDjIyM,alexrainbirdMusic
Indie/Rock/Alt Compilation - December 2017 (alexrainbirdMusic),https://open.spotify.com/playlist/3vubqkguVtIk0ty1cCZ8PD,3vubqkguVtIk0ty1cCZ8PD,alexrainbirdMusic
Indie/Pop/Folk Compilation - December 2017 (alexrainbirdMusic),https://open.spotify.com/playlist/1DBmv7V3HB97btBYvHNCve,1DBmv7V3HB97btBYvHNCve,alexrainbirdMusic
Indie/Indie-Folk Compilation - Winter 2017 (alexrainbirdMusic),https://open.spotify.com/playlist/4wAzmgvDE1rKFeh5wY8y9h,4wAzmgvDE1rKFeh5wY8y9h,alexrainbirdMusic
Indie/Rock/Alt Compilation - November 2017 (alexrainbirdMusic),https://open.spotify.com/playlist/0HUKIBBirZLesZbVHQk3ZR,0HUKIBBirZLesZbVHQk3ZR,alexrainbirdMusic
Indie/Pop/Folk Compilation - November 2017 (alexrainbirdMusic),https://open.spotify.com/playlist/6OkaqBNZUJevCyKqOBfKyY,6OkaqBNZUJevCyKqOBfKyY,alexrainbirdMusic
Dark Forest ü¶á - An Indie/Folk/Alternative Playlist,https://open.spotify.com/playlist/7KxDGuZPr8T89MOIN6ZQcd,7KxDGuZPr8T89MOIN6ZQcd,alexrainbirdMusic
Indie/Rock/Alt Compilation - October 2017 (alexrainbirdMusic),https://open.spotify.com/playlist/5JRs3ZWvdcAI4JKFsDmWVE,5JRs3ZWvdcAI4JKFsDmWVE,alexrainbirdMusic
Indie/Pop/Folk Compilation - October 2017 (alexrainbirdMusic),https://open.spotify.com/playlist/2M7EGpUYA8qt1l3RbpW4sw,2M7EGpUYA8qt1l3RbpW4sw,alexrainbirdMusic
Best of alexrainbirdMusic // Vol. 1 (300k Subscribers Playlist),https://open.spotify.com/playlist/02ZaYwpuR7EQzhi6TwHDes,02ZaYwpuR7EQzhi6TwHDes,alexrainbirdMusic
Indie/Indie-Folk Compilation - Autumn/Fall 2017 (alexrainbirdMusic),https://open.spotify.com/playlist/4JXxErykngJk16oYIAUfss,4JXxErykngJk16oYIAUfss,alexrainbirdMusic
Indie/Rock/Alt Compilation - September 2017 (alexrainbirdMusic),https://open.spotify.com/playlist/43xufDeZNg0sERQ9AO1Wo0,43xufDeZNg0sERQ9AO1Wo0,alexrainbirdMusic
Indie/Pop/Folk Compilation - September 2017 (alexrainbirdMusic),https://open.spotify.com/playlist/5fDhSqDAtt2JAKQ4wmx0Td,5fDhSqDAtt2JAKQ4wmx0Td,alexrainbirdMusic
Road Trip üöê - An Indie/Pop/Folk/Rock Playlist,https://open.spotify.com/playlist/3228d9AQ3AR7WKJIAEBASH,3228d9AQ3AR7WKJIAEBASH,alexrainbirdMusic
Indie/Rock/Alt Compilation - August 2017 (alexrainbirdMusic),https://open.spotify.com/playlist/2viFsVns2yrgeqvA536Gde,2viFsVns2yrgeqvA536Gde,alexrainbirdMusic
Indie/Pop/Folk Compilation - August 2017 (alexrainbirdMusic),https://open.spotify.com/playlist/3HlrAX3jMHCTcoHq4LUghu,3HlrAX3jMHCTcoHq4LUghu,alexrainbirdMusic
Indie/Pop/Folk Compilation - July 2017 (alexrainbirdMusic),https://open.spotify.com/playlist/3uzBQLQBCwJ5ECVXkxXhp5,3uzBQLQBCwJ5ECVXkxXhp5,alexrainbirdMusic
Indie/Indie-Folk Compilation - Summer 2017 (alexrainbirdMusic),https://open.spotify.com/playlist/35Wa19QQjKE0j61TvL3XQS,35Wa19QQjKE0j61TvL3XQS,alexrainbirdMusic
Indie/Rock/Alt Compilation - Summer 2017 (alexrainbirdMusic),https://open.spotify.com/playlist/5bsTbzpgIgNQTnd9Ljx2iD,5bsTbzpgIgNQTnd9Ljx2iD,alexrainbirdMusic
Indie/Pop/Folk Compilation - Summer 2017 (alexrainbirdMusic),https://open.spotify.com/playlist/6oZYmv4OYebSzJMY9TjSH6,6oZYmv4OYebSzJMY9TjSH6,alexrainbirdMusic
Indie/Rock/Alt Compilation - June 2017 (alexrainbirdMusic),https://open.spotify.com/playlist/4d91PZm30Nyow1bEKXQuhM,4d91PZm30Nyow1bEKXQuhM,alexrainbirdMusic
Indie/Pop/Folk Compilation - June 2017 (alexrainbirdMusic),https://open.spotify.com/playlist/2fBtrBicU5cgfnH8Szqcyj,2fBtrBicU5cgfnH8Szqcyj,alexrainbirdMusic
Gentle Dreams üõèÔ∏è - An Indie/Chill/Electronic Playlist,https://open.spotify.com/playlist/1U7EG0CIkMaWKNSTAjI9E2,1U7EG0CIkMaWKNSTAjI9E2,alexrainbirdMusic
Indie/Rock/Alt Compilation - May 2017 (alexrainbirdMusic),https://open.spotify.com/playlist/5UUL43eQzdR9HvkSNuCSgn,5UUL43eQzdR9HvkSNuCSgn,alexrainbirdMusic
Indie/Pop/Folk Compilation - May 2017 (alexrainbirdMusic),https://open.spotify.com/playlist/4nibKle1Cjlk9YmAeFSkbV,4nibKle1Cjlk9YmAeFSkbV,alexrainbirdMusic
Relaxing Sunday Mornings ‚òï - An Indie/Folk/Pop Playlist,https://open.spotify.com/playlist/6qOpTN8BRGrM4sI4YK3u7K,6qOpTN8BRGrM4sI4YK3u7K,alexrainbirdMusic
Indie/Rock/Alt Compilation - April 2017 (alexrainbirdMusic),https://open.spotify.com/playlist/7x7iuEBG4UqNdbFPq8A4oP,7x7iuEBG4UqNdbFPq8A4oP,alexrainbirdMusic
Indie/Pop/Folk Compilation - April 2017 (alexrainbirdMusic),https://open.spotify.com/playlist/4una52h1bJUwbd8eq30sBu,4una52h1bJUwbd8eq30sBu,alexrainbirdMusic
Indie/Indie-Folk Compilation - Spring 2017 (alexrainbirdMusic),https://open.spotify.com/playlist/5o406ydEqagEZmU0t9aUWC,5o406ydEqagEZmU0t9aUWC,alexrainbirdMusic
Indie/Pop/Folk Compilation - March 2017 (alexrainbirdMusic),https://open.spotify.com/playlist/1ysCNM4NREp81EYl36X5go,1ysCNM4NREp81EYl36X5go,alexrainbirdMusic
Indie/Rock/Alt Compilation - March 2017 (alexrainbirdMusic),https://open.spotify.com/playlist/2DyGsEyyfx2cB23WCs1zrc,2DyGsEyyfx2cB23WCs1zrc,alexrainbirdMusic
Tender Love ‚ù§Ô∏è - An Indie/Folk/Pop Playlist (alexrainbirdMusic),https://open.spotify.com/playlist/5lRL44HuYR1x4Nkb0jWuNA,5lRL44HuYR1x4Nkb0jWuNA,alexrainbirdMusic
Indie/Rock/Alt Compilation - February 2017 (alexrainbirdMusic),https://open.spotify.com/playlist/0e2Ds3BxHDwPXrMZYY8218,0e2Ds3BxHDwPXrMZYY8218,alexrainbirdMusic
Indie/Pop/Folk Compilation - February 2017 (alexrainbirdMusic),https://open.spotify.com/playlist/40ZPR0dMjfCLYoDMvEnHms,40ZPR0dMjfCLYoDMvEnHms,alexrainbirdMusic
Lonely Rainy Days - An Indie/Folk/Pop Playlist (alexrainbirdMusic),https://open.spotify.com/playlist/1Mp4hRmf3Wl0V7OdY0YSmX,1Mp4hRmf3Wl0V7OdY0YSmX,alexrainbirdMusic
Indie/Rock/Alt Compilation - January 2017 (alexrainbirdMusic),https://open.spotify.com/playlist/1YAHWweiPrzhUHfPWymkvl,1YAHWweiPrzhUHfPWymkvl,alexrainbirdMusic
Indie/Pop/Folk Compilation - January 2017 (alexrainbirdMusic),https://open.spotify.com/playlist/4zT7G8dUB6tjXl8Aexx8CN,4zT7G8dUB6tjXl8Aexx8CN,alexrainbirdMusic
alexrainbirdMusic 2017,https://open.spotify.com/playlist/3fXgOc95i2oevn5jdK0JAY,3fXgOc95i2oevn5jdK0JAY,alexrainbirdMusic
Indie Christmas 2016 - A Festive Pop/Folk/Rock Playlist,https://open.spotify.com/playlist/5ZvqXsD6T2UR5nezvPFhPD,5ZvqXsD6T2UR5nezvPFhPD,alexrainbirdMusic
Indie/Folk/Alt Halloween 2016,https://open.spotify.com/playlist/5BPy1lSZWTotS7mp6cpdxS,5BPy1lSZWTotS7mp6cpdxS,alexrainbirdMusic
Ultimate Indie-Pop Playlist (2016 Edition),https://open.spotify.com/playlist/6HaOOyOEvugF3ZOzHOrE6z,6HaOOyOEvugF3ZOzHOrE6z,alexrainbirdMusic
Ultimate Indie-Folk Playlist (2016 Edition),https://open.spotify.com/playlist/5fygVerVQfczi3hrfw5Zkn,5fygVerVQfczi3hrfw5Zkn,alexrainbirdMusic
alexrainbirdMusic 2016,https://open.spotify.com/playlist/5kiNj8BLGBfKLwASSxLu2U,5kiNj8BLGBfKLwASSxLu2U,alexrainbirdMusic
alexrainbirdMixtape 2015,https://open.spotify.com/playlist/0IuU2diGoEvOm6zEt8eu3h,0IuU2diGoEvOm6zEt8eu3h,alexrainbirdMusic
